https://shopee.vn/%C3%81O-S%C6%A0-MI-NAM-D%C3%80I-TAY-SO%C3%81I-CA-CAO-C%E1%BA%A4P-H%C3%80NG-%C4%90%E1%BA%B8P--i.272162596.7140801217?sp_atk=9fb0af40-56c5-4a22-9c32-0e196ca2c5dd&xptdk=9fb0af40-56c5-4a22-9c32-0e196ca2c5dd,
https://shopee.vn/Qu%E1%BA%A7n-Th%E1%BB%83-Thao-N%E1%BB%89-3-S%E1%BB%8Dc-Ecollect-Cho-C%E1%BA%A3-Nam-v%C3%A0-N%E1%BB%AF-QT22(40-86kg)-Form-Chu%E1%BA%A9n-Ch%E1%BA%A5t-D%C3%A0y-%C4%90%E1%BA%B9p-i.31245176.3353360956?sp_atk=90a3fdcc-0e4e-4cc5-90ae-3321bdfb7cd1&xptdk=90a3fdcc-0e4e-4cc5-90ae-3321bdfb7cd1,
https://shopee.vn/M%C5%A9-snapback-Nam-N%C3%B3n-hiphop-c%C3%B3-tem-L-A-Phong-c%C3%A1ch-ch%C3%A2u-%C3%A2u-th%E1%BB%9Di-trang-nam-i.809767609.24756078723?sp_atk=913b1fe2-ca2c-429b-b918-6b0c1c98bd87&xptdk=913b1fe2-ca2c-429b-b918-6b0c1c98bd87,
https://shopee.vn/Th%E1%BA%AFt-L%C6%B0ng-B%E1%BA%B1ng-V%E1%BA%A3i-canvas-Ki%E1%BB%83u-D%C3%A1ng-%C4%90%C6%A1n-Gi%E1%BA%A3n-Phong-C%C3%A1ch-Cao-B%E1%BB%93i-Cho-Nam-i.1006220775.23459567684?sp_atk=49bcb7f2-acac-4ab2-aade-55b16d60af15&xptdk=49bcb7f2-acac-4ab2-aade-55b16d60af15,
https://shopee.vn/%C3%81o-Polo-th%E1%BB%83-thao-nam-ProMax-S1-Logo-th%C6%B0%C6%A1ng-hi%E1%BB%87u-Coolmate-AW-i.24710134.9177437633?sp_atk=93c0ab24-bee5-490e-93f5-dcd23c2448f0&xptdk=93c0ab24-bee5-490e-93f5-dcd23c2448f0,
https://shopee.vn/%C3%81o-ba-l%E1%BB%97-thun-g%C3%A2n-form-body-t%C3%B4n-d%C3%A1ng-lo%E1%BA%A1i-v%E1%BA%A3i-d%C3%A0y-M%C3%A3-01--i.83496725.6939920023?sp_atk=c2b0bd1f-910e-4e97-88be-210f3506834e&xptdk=c2b0bd1f-910e-4e97-88be-210f3506834e,
https://shopee.vn/Qu%E1%BA%A7n-jean-nam-m%C3%A0i-d%C3%A1ng-SU%C3%94NG-r%E1%BB%99ng-RETRO-WASH-2-m%C3%A0u-%C4%91en-xanh-tr%C6%A1n-basic-MIAA-ch%E1%BA%A5t-b%C3%B2-co-gi%C3%A3n-2024-i.1034063724.22553957706?sp_atk=61a5ef2c-21f5-4487-81f4-d5edfd18cc77&xptdk=61a5ef2c-21f5-4487-81f4-d5edfd18cc77,
https://shopee.vn/%C3%81o-DORIS-FLANNEL-SHIRT-th%C3%AAu-Doris-7-M%C3%A0u-i.668362528.25709887781?sp_atk=bb4cdddd-208f-4b6c-9949-11ffa97e1c6b&xptdk=bb4cdddd-208f-4b6c-9949-11ffa97e1c6b,
https://shopee.vn/%C3%81o-POLO-nam-n%E1%BB%AF-v%E1%BA%A3i-thun-co-d%C3%A3n-4-chi%E1%BB%81u-cao-c%E1%BA%A5p-i.32270854.19078431297?sp_atk=c0d96434-ced1-48e5-9af0-84800cbea41e&xptdk=c0d96434-ced1-48e5-9af0-84800cbea41e,
https://shopee.vn/%C3%81o-Thun-Soccer-Ph%E1%BB%91i-Local-Brand-By-UniSpace-Our-Ground-%C3%81o-Ph%C3%B4ng-Unisex-Pao_STORE-i.1187191071.25614188879?sp_atk=4c6b955e-f482-48ed-ad71-7d0a2a8a7d01&xptdk=4c6b955e-f482-48ed-ad71-7d0a2a8a7d01,
https://shopee.vn/%C3%81o-POLO-Th%E1%BB%9Di-Trang-In-H%E1%BB%8Da-Ti%E1%BA%BFt-Tr%C6%B0%E1%BB%9Bc-Ng%E1%BB%B1c-C%E1%BB%B1c-Ch%E1%BA%A5t-i.543234102.25620260591?sp_atk=8e91fece-5297-476a-9766-0ca96dcdd20b&xptdk=8e91fece-5297-476a-9766-0ca96dcdd20b,
https://shopee.vn/%C3%81o-kho%C3%A1c-gi%C3%B3-nam-n%E1%BB%AF-2-l%E1%BB%9Bp-%F0%9D%90%82%F0%9D%90%A8%CC%81-%F0%9D%90%93%F0%9D%90%AE%CC%81%F0%9D%90%A2-%F0%9D%90%93%F0%9D%90%AB%F0%9D%90%A8%F0%9D%90%A7%F0%9D%90%A0-%C3%81o-kho%C3%A1c-d%C3%B9-ch%E1%BA%A5t-li%E1%BB%87u-v%E1%BA%A3i-gi%C3%B3-cao-c%E1%BA%A5p-kh%C3%A1ng-n%C6%B0%E1%BB%9Bc-full-tem-tag-ph%E1%BB%A5-ki%E1%BB%87n-i.157167248.18684759804?sp_atk=0b9a7c78-a951-41db-ade4-b90d2cae27f8&xptdk=0b9a7c78-a951-41db-ade4-b90d2cae27f8,
https://shopee.vn/%C3%81o-polo-nam-TIDA.OFFICIAL-C%E1%BB%95-Tr%C6%A1n-Phong-C%C3%A1ch-Tr%E1%BA%BB-Trung-Chu%E1%BA%A9n-Form-Co-Gi%C3%A3n-4-chi%E1%BB%81u-AP1-i.851157471.25602690766?sp_atk=eb250f61-46c8-4b00-ba73-f4513c4a29c8&xptdk=eb250f61-46c8-4b00-ba73-f4513c4a29c8,
https://shopee.vn/%C3%81o-Thun-Nam-Ch%E1%BA%A1y-B%E1%BB%99-Graphic-Heartbeat-th%E1%BA%A5m-h%C3%BAt-v%C6%B0%E1%BB%A3t-tr%E1%BB%99i-Th%C6%B0%C6%A1ng-hi%E1%BB%87u-Coolmate-i.24710134.18196299172?sp_atk=2617abf3-ac40-431c-96c6-d94cf710ecad&xptdk=2617abf3-ac40-431c-96c6-d94cf710ecad,
https://shopee.vn/%C3%81o-s%C6%A1-mi-nam-Basic-ch%E1%BA%A5t-kaki-cao-c%E1%BA%A5p-c%E1%BB%B1c-%C4%91%E1%BA%B9p-i.337694368.3362720010?sp_atk=48b7eb80-4ca8-46aa-a0a1-bc9c611e6f63&xptdk=48b7eb80-4ca8-46aa-a0a1-bc9c611e6f63,
https://shopee.vn/%C3%81o-thun-n%E1%BB%AF-nam-unisex-tay-l%E1%BB%A1-ph%C3%B4ng-local-brand-form-r%E1%BB%99ng-teen-c%E1%BB%95-tr%C3%B2n-oversize-cotton-m%C3%A0u-%C4%91en-tr%E1%BA%AFng-CLOUDZY-BASIC-TEE-2-i.909107171.22422234055?sp_atk=3a38ad29-4bb1-4200-946e-a403253b3ac5&xptdk=3a38ad29-4bb1-4200-946e-a403253b3ac5,